timestamp,query,answer,rating,feedback
2025-03-30 18:14:47,Cuales son los 4 elementos claves para ,"Lo siento, necesito más información o contexto para poder responder a tu pregunta. ¿Podrías proporcionar más detalles o reformular la pregunta?",,
2025-03-30 18:14:55,Cuales son los 4 elementos claves para una estrategia ,"Los cuatro elementos clave para una estrategia según el contexto proporcionado son: datos, personas, cultura y tecnología.",,
2025-03-30 18:15:11,Cuales son los 4 elementos claves para una estrategia de inteligencia artificial exitosa,"Los cuatro elementos clave para una estrategia de inteligencia artificial exitosa son: datos, personas, cultura y tecnología.",,
2025-03-30 18:25:32,¿Cómo cambiará el modelo de negocio tradicional de las aseguradoras con la adopción de la inteligencia artificial hacia el año 2030?,"El modelo de negocio tradicional de las aseguradoras cambiará significativamente hacia el año 2030 con la adopción de la inteligencia artificial. Se espera que las aseguradoras que adopten una mentalidad centrada en crear oportunidades a partir de las tecnologías disruptivas, en lugar de verlas como una amenaza para su negocio actual, prosperen en la industria de seguros en 2030. Además, se prevé que la cantidad de personal asociado con el procesamiento de reclamos se reduzca en un 70 a 90 por ciento en comparación con los niveles de 2018, ya que algoritmos avanzados manejarán la clasificación inicial de reclamos, lo que aumentará la eficiencia y la precisión.",,
2025-03-30 18:26:07,¿Cómo cambiará el modelo de negocio tradicional de las aseguradoras con la adopción de la inteligencia artificial hacia el año 2030?,"El modelo de negocio tradicional de las aseguradoras cambiará significativamente hacia el año 2030 con la adopción de la inteligencia artificial. Se espera que las aseguradoras que adopten una mentalidad centrada en crear oportunidades a partir de las tecnologías disruptivas, en lugar de verlas como una amenaza para su negocio actual, prosperen en la industria de seguros en 2030. Además, se prevé que la cantidad de personal asociado con el procesamiento de reclamos se reduzca en un 70 a 90 por ciento en comparación con los niveles de 2018, ya que algoritmos avanzados manejarán la clasificación inicial de reclamos, aumentando la eficiencia y precisión.",,
2025-03-30 18:26:07,¿Cómo cambiará el modelo de negocio tradicional de las aseguradoras con la adopción de la inteligencia artificial hacia el año 2030?,"El modelo de negocio tradicional de las aseguradoras cambiará significativamente hacia el año 2030 con la adopción de la inteligencia artificial. Se espera que las aseguradoras que adopten una mentalidad centrada en crear oportunidades a partir de las tecnologías disruptivas, en lugar de verlas como una amenaza para su negocio actual, prosperen en la industria de seguros en 2030. Además, se prevé que la cantidad de personal asociado con el procesamiento de reclamos se reduzca en un 70 a 90 por ciento en comparación con los niveles de 2018, ya que algoritmos avanzados manejarán la clasificación inicial de reclamos, aumentando la eficiencia y precisión.",5.0,
2025-03-30 18:26:18,¿Cómo cambiará el modelo de negocio tradicional de las aseguradoras con la adopción de la inteligencia artificial hacia el año 2030?,"El modelo de negocio tradicional de las aseguradoras cambiará significativamente hacia el año 2030 con la adopción de la inteligencia artificial. Se espera que las aseguradoras que adopten una mentalidad centrada en crear oportunidades a partir de las tecnologías disruptivas, en lugar de verlas como una amenaza para su negocio actual, prosperen en la industria de seguros en 2030. Además, se prevé que la cantidad de personal asociado con el procesamiento de reclamos se reduzca en un 70 a 90 por ciento en comparación con los niveles de 2018, ya que algoritmos avanzados manejarán la clasificación inicial de reclamos, lo que aumentará la eficiencia y la precisión.",,
2025-03-30 18:26:18,¿Cómo cambiará el modelo de negocio tradicional de las aseguradoras con la adopción de la inteligencia artificial hacia el año 2030?,"El modelo de negocio tradicional de las aseguradoras cambiará significativamente hacia el año 2030 con la adopción de la inteligencia artificial. Se espera que las aseguradoras que adopten una mentalidad centrada en crear oportunidades a partir de las tecnologías disruptivas, en lugar de verlas como una amenaza para su negocio actual, prosperen en la industria de seguros en 2030. Además, se prevé que la cantidad de personal asociado con el procesamiento de reclamos se reduzca en un 70 a 90 por ciento en comparación con los niveles de 2018, ya que algoritmos avanzados manejarán la clasificación inicial de reclamos, lo que aumentará la eficiencia y la precisión.",5.0,
2025-03-30 18:28:15,¿Cómo cambiará el modelo de negocio tradicional de las aseguradoras con la adopción de la inteligencia artificial hacia el año 2030?,"El modelo de negocio tradicional de las aseguradoras cambiará significativamente hacia el año 2030 con la adopción de la inteligencia artificial. Se espera que las aseguradoras que adopten una mentalidad centrada en crear oportunidades a partir de las tecnologías disruptivas, en lugar de verlas como una amenaza para su negocio actual, prosperen en la industria de seguros en 2030. Además, se prevé que la cantidad de personal asociado con el procesamiento de reclamos se reduzca en un 70 a 90 por ciento en comparación con los niveles de 2018, ya que algoritmos avanzados manejarán la clasificación inicial de reclamos, lo que aumentará la eficiencia y la precisión.",,
2025-03-30 18:28:31,¿Qué procesos internos de las aseguradoras serán más impactados por la automatización impulsada por IA?,"Los procesos internos de las aseguradoras que serán más impactados por la automatización impulsada por IA incluyen el procesamiento de reclamos, la suscripción y fijación de precios, así como la estimación de pérdidas en tiempo real. Estos procesos se verán significativamente automatizados y optimizados en el futuro, lo que reducirá la necesidad de mano de obra y aumentará la eficiencia y precisión en la industria de seguros.",,
2025-03-30 18:28:52,¿Qué procesos internos de las aseguradoras serán más impactados por la automatización impulsada por IA?,"Los procesos internos de las aseguradoras que serán más impactados por la automatización impulsada por IA incluyen el procesamiento de reclamos, la suscripción y fijación de precios, así como la estimación de pérdidas en tiempo real. Estos procesos se verán significativamente automatizados y optimizados en el futuro, lo que reducirá la necesidad de mano de obra y aumentará la eficiencia y precisión en la industria de seguros.",,
2025-03-30 18:28:52,¿Qué procesos internos de las aseguradoras serán más impactados por la automatización impulsada por IA?,"Los procesos internos de las aseguradoras que serán más impactados por la automatización impulsada por IA incluyen el procesamiento de reclamos, la suscripción y fijación de precios, así como la estimación de pérdidas en tiempo real. Estos procesos se verán significativamente automatizados y optimizados en el futuro, lo que reducirá la necesidad de mano de obra y aumentará la eficiencia y precisión en la industria de seguros.",4.0,
2025-03-30 18:31:04,¿En qué año se espera que la inteligencia artificial tenga un impacto transformador en el sector asegurador según el informe?,"Según el informe ""Insurance 2030—The impact of AI on the future of insurance"" de McKinsey & Company, se espera que la inteligencia artificial tenga un impacto transformador en el sector asegurador para el año 2030.",5.0,
2025-03-30 18:33:07,¿En qué año se espera que la inteligencia artificial tenga un impacto transformador en el sector asegurador según el informe?,"Según el informe ""Insurance 2030—The impact of AI on the future of insurance"" de McKinsey & Company, se espera que la inteligencia artificial tenga un impacto transformador en el sector asegurador para el año 2030.",4.0,
2025-03-30 18:34:36,¿Qué tipo de inteligencia artificial se menciona como capaz de tomar decisiones sin intervención humana en las aseguradoras?,"Se menciona que con la nueva ola de técnicas de aprendizaje profundo, como las redes neuronales convolucionales, la inteligencia artificial (IA) tiene el potencial de cumplir su promesa de imitar la percepción, el razonamiento, el aprendizaje y la resolución de problemas de la mente humana.",5.0,
2025-03-30 18:35:03,¿Qué tipo de inteligencia artificial se menciona como capaz de tomar decisiones sin intervención humana en las aseguradoras?,"Se menciona que con la nueva ola de técnicas de aprendizaje profundo, como las redes neuronales convolucionales, la inteligencia artificial (IA) tiene el potencial de cumplir su promesa de imitar la percepción, el razonamiento, el aprendizaje y la resolución de problemas de la mente humana. Esto sugiere que las redes neuronales convolucionales son un tipo de inteligencia artificial capaz de tomar decisiones sin intervención humana en las aseguradoras.",5.0,
2025-03-30 18:35:29,¿El informe indica que las aseguradoras seguirán siendo exclusivamente gestoras de riesgo en 2030?,"No, el informe indica que las aseguradoras en 2030 adoptarán un enfoque centrado en crear oportunidades a partir de tecnologías disruptivas en lugar de verlas como una amenaza para su negocio actual. Además, menciona que en 2030, la suscripción y fijación de precios se automatizará en gran medida en la mayoría de los productos personales y para pequeñas empresas en seguros de vida y de propiedad y accidentes.",5.0,
2025-03-30 18:35:56,¿Cuál es una de las funciones clave que se espera que la inteligencia artificial automatice completamente en el futuro?,"Se espera que la inteligencia artificial automatice completamente la función de ""predecir y prevenir"" en la industria del seguro en el futuro.",5.0,
